student_id,content,wording
000000ffffff,-0.0938138317174397,-0.0817694380946405
222222cccccc,-0.0938138317174397,-0.0817694380946405
111111eeeeee,-0.0938138317174397,-0.0817694380946405
333333dddddd,-0.0938138317174397,-0.0817694380946405
