student_id,content,wording
000000ffffff,0.47503605484962463,0.47503605484962463
222222cccccc,0.4894188940525055,0.4894188940525055
111111eeeeee,0.4993455111980438,0.4993455111980438
333333dddddd,0.4899495244026184,0.4899495244026184
